,brand,segment,month_end,AUC
0,NEO,1. thick_prime,2020-02-29,0.3333333333333335
1,NEO,1. thick_prime,2020-03-31,0.0
2,NEO,1. thick_prime,2020-06-30,0.0
3,NEO,1. thick_prime,2020-07-31,0.0
4,NEO,1. thick_prime,2020-08-31,0.8092105263157896
5,NEO,1. thick_prime,2020-09-30,0.566596931659693
6,NEO,1. thick_prime,2020-10-31,0.7605066206102478
7,NEO,1. thick_prime,2020-11-30,0.6866395191002521
8,NEO,1. thick_prime,2020-12-31,0.35228848821081815
9,NEO,1. thick_prime,2021-01-31,0.6740291262135922
10,NEO,1. thick_prime,2021-02-28,0.4581314878892735
11,NEO,1. thick_prime,2021-03-31,0.5205188415520519
12,NEO,1. thick_prime,2021-04-30,0.6680367173585424
13,NEO,1. thick_prime,2021-05-31,0.5761054421768708
14,NEO,1. thick_prime,2021-09-30,0.6802604462762936
15,NEO,1. thick_prime,2021-07-31,0.6780730897009968
16,NEO,1. thick_prime,2021-06-30,0.4427675189393938
17,NEO,1. thick_prime,2021-10-31,0.6624603063597887
18,NEO,1. thick_prime,2021-11-30,0.6252734214200963
19,NEO,1. thick_prime,2021-08-31,0.684726707331659
20,NEO,1. thick_prime,2021-12-31,0.6013925498942734
21,NEO,1. thick_prime,2022-01-31,0.5788209128168351
22,NEO,1. thick_prime,2022-02-28,0.5451486602226845
23,NEO,1. thick_prime,2022-03-31,0.47687959936232915
24,NEO,1. thick_prime,2022-05-31,0.4910247004157495
25,NEO,1. thick_prime,2022-04-30,0.4798504415292735
26,NEO,1. thick_prime,2022-06-30,0.46422956924783354
27,NEO,1. thick_prime,2022-07-31,0.5224708672119531
28,NEO,1. thick_prime,2022-08-31,0.5722810240695013
29,NEO,1. thick_prime,2022-09-30,0.5172099673202615
30,NEO,1. thick_prime,2022-10-31,0.5519027224419595
31,NEO,1. thick_prime,2022-11-30,0.5222905850128776
32,NEO,1. thick_prime,2022-12-31,0.4124928380443087
33,NEO,1. thick_prime,2023-01-31,0.49310359025032957
34,NEO,1. thick_prime,2023-02-28,0.4206370260328238
35,NEO,1. thick_prime,2023-03-31,0.5587073234297628
36,NEO,1. thick_prime,2023-05-31,0.4766500098770128
37,NEO,1. thick_prime,2023-06-30,0.32848342581725
38,NEO,1. thick_prime,2023-04-30,0.511351989855299
39,NEO,1. thick_prime,2023-08-31,0.40853523506446643
40,NEO,1. thick_prime,2023-07-31,0.3203136870895311
41,NEO,1. thick_prime,2023-09-30,0.3755743801652893
42,NEO,1. thick_prime,2024-05-31,0.0
43,NEO,1. thick_prime,2023-12-31,0.27226312585428625
44,NEO,1. thick_prime,2023-11-30,0.29002452006458923
45,NEO,1. thick_prime,2023-10-31,0.324537167160744
46,NEO,1. thick_prime,2024-03-31,0.0
47,NEO,1. thick_prime,2024-01-31,0.16751393534002235
48,NEO,1. thick_prime,2024-06-30,0.0
49,NEO,1. thick_prime,2024-02-29,0.1531793756397135
50,NEO,1. thick_prime,2024-04-30,0.0
51,NEO,1. thick_prime,2024-07-31,0.0
52,NEO,1. thick_prime,2020-04-30,0.0
53,NEO,3. thin_prime,2020-02-29,0.0
54,NEO,3. thin_prime,2020-03-31,0.0
55,NEO,3. thin_prime,2020-06-30,0.0
56,NEO,3. thin_prime,2020-07-31,0.0
57,NEO,3. thin_prime,2020-08-31,0.8918918918918917
58,NEO,3. thin_prime,2020-09-30,0.6413043478260869
59,NEO,3. thin_prime,2020-10-31,0.8879999999999999
60,NEO,3. thin_prime,2020-11-30,0.47804878048780486
61,NEO,3. thin_prime,2020-12-31,0.8767123287671235
62,NEO,3. thin_prime,2021-01-31,0.732394366197183
63,NEO,3. thin_prime,2021-02-28,0.318840579710145
64,NEO,3. thin_prime,2021-03-31,0.4197530864197532
65,NEO,3. thin_prime,2021-04-30,0.5463414634146342
66,NEO,3. thin_prime,2021-05-31,0.4526315789473685
67,NEO,3. thin_prime,2021-09-30,0.5914992483258166
68,NEO,3. thin_prime,2021-07-31,0.5239520958083832
69,NEO,3. thin_prime,2021-06-30,0.9409937888198758
70,NEO,3. thin_prime,2021-10-31,0.6647619047619047
71,NEO,3. thin_prime,2021-11-30,0.6005725581078318
72,NEO,3. thin_prime,2021-08-31,0.6746987951807228
73,NEO,3. thin_prime,2021-12-31,0.5485304087736789
74,NEO,3. thin_prime,2022-01-31,0.48043796573496356
75,NEO,3. thin_prime,2022-02-28,0.22571208622016936
76,NEO,3. thin_prime,2022-03-31,0.4350095637028093
77,NEO,3. thin_prime,2022-05-31,0.421782886760532
78,NEO,3. thin_prime,2022-04-30,0.4543072253465923
79,NEO,3. thin_prime,2022-06-30,0.3348527870414484
80,NEO,3. thin_prime,2022-07-31,0.34083057281373974
81,NEO,3. thin_prime,2022-08-31,0.23945300109258794
82,NEO,3. thin_prime,2022-09-30,0.5085792204840724
83,NEO,3. thin_prime,2022-10-31,0.549475218658892
84,NEO,3. thin_prime,2022-11-30,0.3571052631578948
85,NEO,3. thin_prime,2022-12-31,0.4892099363691944
86,NEO,3. thin_prime,2023-01-31,0.3916762725232057
87,NEO,3. thin_prime,2023-02-28,0.49961896358094005
88,NEO,3. thin_prime,2023-03-31,0.4315152043216868
89,NEO,3. thin_prime,2023-05-31,0.354643741044679
90,NEO,3. thin_prime,2023-06-30,0.41569051863169504
91,NEO,3. thin_prime,2023-04-30,0.437089947089947
92,NEO,3. thin_prime,2023-08-31,0.4604540131519683
93,NEO,3. thin_prime,2023-07-31,0.28995457591778995
94,NEO,3. thin_prime,2023-09-30,0.4632021709633649
95,NEO,3. thin_prime,2024-05-31,0.0
96,NEO,3. thin_prime,2023-12-31,0.31871056449708157
97,NEO,3. thin_prime,2023-11-30,0.25896061597811837
98,NEO,3. thin_prime,2023-10-31,0.3502672360540382
99,NEO,3. thin_prime,2024-03-31,0.0
100,NEO,3. thin_prime,2024-01-31,0.38398984425598015
101,NEO,3. thin_prime,2024-06-30,0.0
102,NEO,3. thin_prime,2024-02-29,0.2505305602716468
103,NEO,3. thin_prime,2024-04-30,0.0
104,NEO,3. thin_prime,2024-07-31,0.0
105,NEO,3. thin_prime,2020-04-30,0.0
106,NEO,2x. subprime,2020-02-29,0.0
107,NEO,2x. subprime,2020-03-31,0.0
108,NEO,2x. subprime,2020-06-30,0.0
109,NEO,2x. subprime,2020-07-31,0.0
110,NEO,2x. subprime,2020-08-31,-0.25
111,NEO,2x. subprime,2020-09-30,0.2250000000000001
112,NEO,2x. subprime,2020-10-31,0.37142857142857144
113,NEO,2x. subprime,2020-11-30,0.5710227272727273
114,NEO,2x. subprime,2020-12-31,0.8666666666666667
115,NEO,2x. subprime,2021-01-31,0.3099173553719008
116,NEO,2x. subprime,2021-02-28,0.3666666666666667
117,NEO,2x. subprime,2021-03-31,0.3698113207547169
118,NEO,2x. subprime,2021-04-30,0.657142857142857
119,NEO,2x. subprime,2021-05-31,0.4743178170144462
120,NEO,2x. subprime,2021-09-30,0.3331645569620254
121,NEO,2x. subprime,2021-07-31,0.30501997568177863
122,NEO,2x. subprime,2021-06-30,0.5785714285714285
123,NEO,2x. subprime,2021-10-31,0.4247997790665561
124,NEO,2x. subprime,2021-11-30,0.3342175066312998
125,NEO,2x. subprime,2021-08-31,0.2904
126,NEO,2x. subprime,2021-12-31,0.41671592775041044
127,NEO,2x. subprime,2022-01-31,0.3810937264174674
128,NEO,2x. subprime,2022-02-28,0.39568925772245267
129,NEO,2x. subprime,2022-03-31,0.27692224430755896
130,NEO,2x. subprime,2022-05-31,0.3098150839793281
131,NEO,2x. subprime,2022-04-30,0.2584730906328523
132,NEO,2x. subprime,2022-06-30,0.24523913997367264
133,NEO,2x. subprime,2022-07-31,0.456233198924731
134,NEO,2x. subprime,2022-08-31,0.3728982300884953
135,NEO,2x. subprime,2022-09-30,0.2932282243473767
136,NEO,2x. subprime,2022-10-31,0.0
137,NEO,2x. subprime,2022-11-30,0.0
138,NEO,2x. subprime,2022-12-31,0.0
139,NEO,2x. subprime,2023-01-31,0.0
140,NEO,2x. subprime,2023-02-28,0.0
141,NEO,2x. subprime,2023-03-31,0.0
142,NEO,2x. subprime,2023-05-31,0.0
143,NEO,2x. subprime,2023-06-30,0.0
144,NEO,2x. subprime,2023-04-30,0.0
145,NEO,2x. subprime,2023-08-31,0.0
146,NEO,2x. subprime,2023-07-31,0.5384615384615385
147,NEO,2x. subprime,2023-09-30,0.0888888888888888
148,NEO,2x. subprime,2024-05-31,0.0
149,NEO,2x. subprime,2023-12-31,-0.1630672926447574
150,NEO,2x. subprime,2023-11-30,0.06261904761904757
151,NEO,2x. subprime,2023-10-31,-0.22038567493112948
152,NEO,2x. subprime,2024-03-31,0.0
153,NEO,2x. subprime,2024-01-31,0.038346427235316005
154,NEO,2x. subprime,2024-06-30,0.0
155,NEO,2x. subprime,2024-02-29,-0.024074074074074026
156,NEO,2x. subprime,2024-04-30,0.0
157,NEO,2x. subprime,2024-07-31,0.0
158,NEO,2x. subprime,2020-04-30,0.0
159,NEO,5. undecided,2020-02-29,0.0
160,NEO,5. undecided,2020-03-31,0.0
161,NEO,5. undecided,2020-06-30,0.0
162,NEO,5. undecided,2020-07-31,0.0
163,NEO,5. undecided,2020-08-31,0.0
164,NEO,5. undecided,2020-09-30,0.0
165,NEO,5. undecided,2020-10-31,0.0
166,NEO,5. undecided,2020-11-30,0.0
167,NEO,5. undecided,2020-12-31,0.0
168,NEO,5. undecided,2021-01-31,0.0
169,NEO,5. undecided,2021-02-28,0.0
170,NEO,5. undecided,2021-03-31,0.0
171,NEO,5. undecided,2021-04-30,0.0
172,NEO,5. undecided,2021-05-31,0.0
173,NEO,5. undecided,2021-09-30,0.0
174,NEO,5. undecided,2021-07-31,0.0
175,NEO,5. undecided,2021-06-30,0.0
176,NEO,5. undecided,2021-10-31,0.0
177,NEO,5. undecided,2021-11-30,0.0
178,NEO,5. undecided,2021-08-31,0.0
179,NEO,5. undecided,2021-12-31,0.0
180,NEO,5. undecided,2022-01-31,0.0
181,NEO,5. undecided,2022-02-28,0.0
182,NEO,5. undecided,2022-03-31,0.0
183,NEO,5. undecided,2022-05-31,0.0
184,NEO,5. undecided,2022-04-30,0.0
185,NEO,5. undecided,2022-06-30,0.0
186,NEO,5. undecided,2022-07-31,0.0
187,NEO,5. undecided,2022-08-31,0.0
188,NEO,5. undecided,2022-09-30,0.0
189,NEO,5. undecided,2022-10-31,0.0
190,NEO,5. undecided,2022-11-30,0.0
191,NEO,5. undecided,2022-12-31,0.0
192,NEO,5. undecided,2023-01-31,0.0
193,NEO,5. undecided,2023-02-28,0.0
194,NEO,5. undecided,2023-03-31,0.0
195,NEO,5. undecided,2023-05-31,0.0
196,NEO,5. undecided,2023-06-30,0.0
197,NEO,5. undecided,2023-04-30,0.0
198,NEO,5. undecided,2023-08-31,0.0
199,NEO,5. undecided,2023-07-31,0.0
200,NEO,5. undecided,2023-09-30,0.0
201,NEO,5. undecided,2024-05-31,0.0
202,NEO,5. undecided,2023-12-31,0.0
203,NEO,5. undecided,2023-11-30,0.0
204,NEO,5. undecided,2023-10-31,0.0
205,NEO,5. undecided,2024-03-31,0.0
206,NEO,5. undecided,2024-01-31,0.0
207,NEO,5. undecided,2024-06-30,0.0
208,NEO,5. undecided,2024-02-29,0.0
209,NEO,5. undecided,2024-04-30,0.0
210,NEO,5. undecided,2024-07-31,0.0
211,NEO,5. undecided,2020-04-30,0.0
212,HBC,1. thick_prime,2020-02-29,0.0
213,HBC,1. thick_prime,2020-03-31,0.0
214,HBC,1. thick_prime,2020-06-30,0.0
215,HBC,1. thick_prime,2020-07-31,0.0
216,HBC,1. thick_prime,2020-08-31,0.0
217,HBC,1. thick_prime,2020-09-30,0.0
218,HBC,1. thick_prime,2020-10-31,0.0
219,HBC,1. thick_prime,2020-11-30,0.0
220,HBC,1. thick_prime,2020-12-31,0.0
221,HBC,1. thick_prime,2021-01-31,0.0
222,HBC,1. thick_prime,2021-02-28,0.0
223,HBC,1. thick_prime,2021-03-31,0.35642145825632077
224,HBC,1. thick_prime,2021-04-30,0.40544530615369845
225,HBC,1. thick_prime,2021-05-31,0.3499646824002409
226,HBC,1. thick_prime,2021-09-30,0.31131308566166505
227,HBC,1. thick_prime,2021-07-31,0.34906199177957364
228,HBC,1. thick_prime,2021-06-30,0.3460864143539253
229,HBC,1. thick_prime,2021-10-31,0.32566237160415556
230,HBC,1. thick_prime,2021-11-30,0.3063161505770604
231,HBC,1. thick_prime,2021-08-31,0.31855786098696925
232,HBC,1. thick_prime,2021-12-31,0.324887457995781
233,HBC,1. thick_prime,2022-01-31,0.3394868184677515
234,HBC,1. thick_prime,2022-02-28,0.31806514869364033
235,HBC,1. thick_prime,2022-03-31,0.31174722860281623
236,HBC,1. thick_prime,2022-05-31,0.2744946167172666
237,HBC,1. thick_prime,2022-04-30,0.30278653495866625
238,HBC,1. thick_prime,2022-06-30,0.30336021942037683
239,HBC,1. thick_prime,2022-07-31,0.2515400068422775
240,HBC,1. thick_prime,2022-08-31,0.27554594814831224
241,HBC,1. thick_prime,2022-09-30,0.2805835898746165
242,HBC,1. thick_prime,2022-10-31,0.29913091403584624
243,HBC,1. thick_prime,2022-11-30,0.2228298826515902
244,HBC,1. thick_prime,2022-12-31,0.22716811992307062
245,HBC,1. thick_prime,2023-01-31,0.2334283514808846
246,HBC,1. thick_prime,2023-02-28,0.2875007860893626
247,HBC,1. thick_prime,2023-03-31,0.3128465431842822
248,HBC,1. thick_prime,2023-05-31,0.2434953039698351
249,HBC,1. thick_prime,2023-06-30,0.27267887525961254
250,HBC,1. thick_prime,2023-04-30,0.28840994597496183
251,HBC,1. thick_prime,2023-08-31,0.22574009485675806
252,HBC,1. thick_prime,2023-07-31,0.2641030648929783
253,HBC,1. thick_prime,2023-09-30,0.22447639366987127
254,HBC,1. thick_prime,2024-05-31,0.0
255,HBC,1. thick_prime,2023-12-31,0.3273766235483455
256,HBC,1. thick_prime,2023-11-30,0.36861739056632925
257,HBC,1. thick_prime,2023-10-31,0.32290888236214155
258,HBC,1. thick_prime,2024-03-31,0.0
259,HBC,1. thick_prime,2024-01-31,0.4174997622314913
260,HBC,1. thick_prime,2024-06-30,0.0
261,HBC,1. thick_prime,2024-02-29,0.5674968020466902
262,HBC,1. thick_prime,2024-04-30,0.0
263,HBC,1. thick_prime,2024-07-31,0.0
264,HBC,1. thick_prime,2020-04-30,0.0
265,HBC,3. thin_prime,2020-02-29,0.0
266,HBC,3. thin_prime,2020-03-31,0.0
267,HBC,3. thin_prime,2020-06-30,0.0
268,HBC,3. thin_prime,2020-07-31,0.0
269,HBC,3. thin_prime,2020-08-31,0.0
270,HBC,3. thin_prime,2020-09-30,0.0
271,HBC,3. thin_prime,2020-10-31,0.0
272,HBC,3. thin_prime,2020-11-30,0.0
273,HBC,3. thin_prime,2020-12-31,0.0
274,HBC,3. thin_prime,2021-01-31,0.0
275,HBC,3. thin_prime,2021-02-28,0.0
276,HBC,3. thin_prime,2021-03-31,0.6512738853503184
277,HBC,3. thin_prime,2021-04-30,0.23393124065769788
278,HBC,3. thin_prime,2021-05-31,0.1543818466353677
279,HBC,3. thin_prime,2021-09-30,0.17310288954901454
280,HBC,3. thin_prime,2021-07-31,0.28897527910685805
281,HBC,3. thin_prime,2021-06-30,0.1119381287433856
282,HBC,3. thin_prime,2021-10-31,0.3322219912082691
283,HBC,3. thin_prime,2021-11-30,0.4286459746602933
284,HBC,3. thin_prime,2021-08-31,0.377512244553285
285,HBC,3. thin_prime,2021-12-31,0.5027467105263159
286,HBC,3. thin_prime,2022-01-31,0.5159687251523983
287,HBC,3. thin_prime,2022-02-28,0.43122388983444226
288,HBC,3. thin_prime,2022-03-31,0.24091066054955346
289,HBC,3. thin_prime,2022-05-31,0.29673270768161264
290,HBC,3. thin_prime,2022-04-30,0.31428571428571406
291,HBC,3. thin_prime,2022-06-30,0.16065359477124175
292,HBC,3. thin_prime,2022-07-31,0.2745853080568721
293,HBC,3. thin_prime,2022-08-31,0.20675282827221464
294,HBC,3. thin_prime,2022-09-30,0.22784575454208378
295,HBC,3. thin_prime,2022-10-31,0.21043266740241884
296,HBC,3. thin_prime,2022-11-30,0.3246178509336406
297,HBC,3. thin_prime,2022-12-31,0.25749757163671694
298,HBC,3. thin_prime,2023-01-31,0.46937269372693735
299,HBC,3. thin_prime,2023-02-28,0.46820809248554895
300,HBC,3. thin_prime,2023-03-31,0.3851616220037273
301,HBC,3. thin_prime,2023-05-31,0.33849814620109564
302,HBC,3. thin_prime,2023-06-30,0.31787336991797943
303,HBC,3. thin_prime,2023-04-30,0.29305233594864477
304,HBC,3. thin_prime,2023-08-31,0.37970809792843685
305,HBC,3. thin_prime,2023-07-31,0.2333823932092003
306,HBC,3. thin_prime,2023-09-30,0.2549293635120764
307,HBC,3. thin_prime,2024-05-31,0.0
308,HBC,3. thin_prime,2023-12-31,0.11239240594196875
309,HBC,3. thin_prime,2023-11-30,0.2262113650840798
310,HBC,3. thin_prime,2023-10-31,0.3745053702656871
311,HBC,3. thin_prime,2024-03-31,0.0
312,HBC,3. thin_prime,2024-01-31,0.2491675429372593
313,HBC,3. thin_prime,2024-06-30,0.0
314,HBC,3. thin_prime,2024-02-29,0.2637195121951219
315,HBC,3. thin_prime,2024-04-30,0.0
316,HBC,3. thin_prime,2024-07-31,0.0
317,HBC,3. thin_prime,2020-04-30,0.0
318,HBC,2x. subprime,2020-02-29,0.0
319,HBC,2x. subprime,2020-03-31,0.0
320,HBC,2x. subprime,2020-06-30,0.0
321,HBC,2x. subprime,2020-07-31,0.0
322,HBC,2x. subprime,2020-08-31,0.0
323,HBC,2x. subprime,2020-09-30,0.0
324,HBC,2x. subprime,2020-10-31,0.0
325,HBC,2x. subprime,2020-11-30,0.0
326,HBC,2x. subprime,2020-12-31,0.0
327,HBC,2x. subprime,2021-01-31,0.0
328,HBC,2x. subprime,2021-02-28,0.0
329,HBC,2x. subprime,2021-03-31,0.44401544401544424
330,HBC,2x. subprime,2021-04-30,0.462825278810409
331,HBC,2x. subprime,2021-05-31,0.23080811271877177
332,HBC,2x. subprime,2021-09-30,0.33853876185164555
333,HBC,2x. subprime,2021-07-31,0.28509982666752265
334,HBC,2x. subprime,2021-06-30,0.5046939714680168
335,HBC,2x. subprime,2021-10-31,0.31615990990990994
336,HBC,2x. subprime,2021-11-30,0.2261446298673513
337,HBC,2x. subprime,2021-08-31,0.4858333333333331
338,HBC,2x. subprime,2021-12-31,0.2923467113780589
339,HBC,2x. subprime,2022-01-31,0.4391722408026757
340,HBC,2x. subprime,2022-02-28,0.47658276125095345
341,HBC,2x. subprime,2022-03-31,0.379012345679012
342,HBC,2x. subprime,2022-05-31,0.34322992943682595
343,HBC,2x. subprime,2022-04-30,0.34119883040935695
344,HBC,2x. subprime,2022-06-30,0.34598214285714257
345,HBC,2x. subprime,2022-07-31,0.36410256410256414
346,HBC,2x. subprime,2022-08-31,0.34764089121887287
347,HBC,2x. subprime,2022-09-30,0.25806451612903225
348,HBC,2x. subprime,2022-10-31,0.0
349,HBC,2x. subprime,2022-11-30,0.0
350,HBC,2x. subprime,2022-12-31,0.0
351,HBC,2x. subprime,2023-01-31,0.0
352,HBC,2x. subprime,2023-02-28,0.0
353,HBC,2x. subprime,2023-03-31,0.0
354,HBC,2x. subprime,2023-05-31,0.0
355,HBC,2x. subprime,2023-06-30,0.0
356,HBC,2x. subprime,2023-04-30,0.0
357,HBC,2x. subprime,2023-08-31,0.0
358,HBC,2x. subprime,2023-07-31,-0.3883928571428571
359,HBC,2x. subprime,2023-09-30,0.16216216216216206
360,HBC,2x. subprime,2024-05-31,0.0
361,HBC,2x. subprime,2023-12-31,0.20325203252032487
362,HBC,2x. subprime,2023-11-30,0.3265476854433911
363,HBC,2x. subprime,2023-10-31,0.11758691206543981
364,HBC,2x. subprime,2024-03-31,0.0
365,HBC,2x. subprime,2024-01-31,0.0035714285714285587
366,HBC,2x. subprime,2024-06-30,0.0
367,HBC,2x. subprime,2024-02-29,-0.07000000000000006
368,HBC,2x. subprime,2024-04-30,0.0
369,HBC,2x. subprime,2024-07-31,0.0
370,HBC,2x. subprime,2020-04-30,0.0
371,HBC,5. undecided,2020-02-29,0.0
372,HBC,5. undecided,2020-03-31,0.0
373,HBC,5. undecided,2020-06-30,0.0
374,HBC,5. undecided,2020-07-31,0.0
375,HBC,5. undecided,2020-08-31,0.0
376,HBC,5. undecided,2020-09-30,0.0
377,HBC,5. undecided,2020-10-31,0.0
378,HBC,5. undecided,2020-11-30,0.0
379,HBC,5. undecided,2020-12-31,0.0
380,HBC,5. undecided,2021-01-31,0.0
381,HBC,5. undecided,2021-02-28,0.0
382,HBC,5. undecided,2021-03-31,0.0
383,HBC,5. undecided,2021-04-30,0.0
384,HBC,5. undecided,2021-05-31,0.0
385,HBC,5. undecided,2021-09-30,0.0
386,HBC,5. undecided,2021-07-31,0.0
387,HBC,5. undecided,2021-06-30,0.0
388,HBC,5. undecided,2021-10-31,0.0
389,HBC,5. undecided,2021-11-30,0.0
390,HBC,5. undecided,2021-08-31,0.0
391,HBC,5. undecided,2021-12-31,0.0
392,HBC,5. undecided,2022-01-31,0.0
393,HBC,5. undecided,2022-02-28,0.0
394,HBC,5. undecided,2022-03-31,0.0
395,HBC,5. undecided,2022-05-31,0.0
396,HBC,5. undecided,2022-04-30,0.0
397,HBC,5. undecided,2022-06-30,0.0
398,HBC,5. undecided,2022-07-31,0.0
399,HBC,5. undecided,2022-08-31,0.0
400,HBC,5. undecided,2022-09-30,0.0
401,HBC,5. undecided,2022-10-31,0.0
402,HBC,5. undecided,2022-11-30,0.0
403,HBC,5. undecided,2022-12-31,0.0
404,HBC,5. undecided,2023-01-31,0.0
405,HBC,5. undecided,2023-02-28,0.0
406,HBC,5. undecided,2023-03-31,0.0
407,HBC,5. undecided,2023-05-31,0.0
408,HBC,5. undecided,2023-06-30,0.0
409,HBC,5. undecided,2023-04-30,0.0
410,HBC,5. undecided,2023-08-31,0.0
411,HBC,5. undecided,2023-07-31,0.0
412,HBC,5. undecided,2023-09-30,0.0
413,HBC,5. undecided,2024-05-31,0.0
414,HBC,5. undecided,2023-12-31,0.0
415,HBC,5. undecided,2023-11-30,0.0
416,HBC,5. undecided,2023-10-31,0.0
417,HBC,5. undecided,2024-03-31,0.0
418,HBC,5. undecided,2024-01-31,0.0
419,HBC,5. undecided,2024-06-30,0.0
420,HBC,5. undecided,2024-02-29,0.0
421,HBC,5. undecided,2024-04-30,0.0
422,HBC,5. undecided,2024-07-31,0.0
423,HBC,5. undecided,2020-04-30,0.0
424,SIENNA,1. thick_prime,2020-02-29,0.0
425,SIENNA,1. thick_prime,2020-03-31,0.0
426,SIENNA,1. thick_prime,2020-06-30,0.0
427,SIENNA,1. thick_prime,2020-07-31,0.0
428,SIENNA,1. thick_prime,2020-08-31,0.0
429,SIENNA,1. thick_prime,2020-09-30,0.0
430,SIENNA,1. thick_prime,2020-10-31,0.0
431,SIENNA,1. thick_prime,2020-11-30,0.0
432,SIENNA,1. thick_prime,2020-12-31,0.0
433,SIENNA,1. thick_prime,2021-01-31,0.0
434,SIENNA,1. thick_prime,2021-02-28,0.0
435,SIENNA,1. thick_prime,2021-03-31,0.0
436,SIENNA,1. thick_prime,2021-04-30,0.0
437,SIENNA,1. thick_prime,2021-05-31,0.0
438,SIENNA,1. thick_prime,2021-09-30,0.0
439,SIENNA,1. thick_prime,2021-07-31,0.0
440,SIENNA,1. thick_prime,2021-06-30,0.0
441,SIENNA,1. thick_prime,2021-10-31,0.0
442,SIENNA,1. thick_prime,2021-11-30,0.0
443,SIENNA,1. thick_prime,2021-08-31,0.0
444,SIENNA,1. thick_prime,2021-12-31,0.0
445,SIENNA,1. thick_prime,2022-01-31,0.0
446,SIENNA,1. thick_prime,2022-02-28,0.0
447,SIENNA,1. thick_prime,2022-03-31,0.0
448,SIENNA,1. thick_prime,2022-05-31,0.0
449,SIENNA,1. thick_prime,2022-04-30,0.0
450,SIENNA,1. thick_prime,2022-06-30,0.0
451,SIENNA,1. thick_prime,2022-07-31,0.0
452,SIENNA,1. thick_prime,2022-08-31,0.0
453,SIENNA,1. thick_prime,2022-09-30,0.0
454,SIENNA,1. thick_prime,2022-10-31,0.0
455,SIENNA,1. thick_prime,2022-11-30,0.0
456,SIENNA,1. thick_prime,2022-12-31,0.0
457,SIENNA,1. thick_prime,2023-01-31,0.0
458,SIENNA,1. thick_prime,2023-02-28,0.0
459,SIENNA,1. thick_prime,2023-03-31,0.0
460,SIENNA,1. thick_prime,2023-05-31,0.5588235294117647
461,SIENNA,1. thick_prime,2023-06-30,0.5190476190476192
462,SIENNA,1. thick_prime,2023-04-30,0.5714285714285714
463,SIENNA,1. thick_prime,2023-08-31,0.3549648704783164
464,SIENNA,1. thick_prime,2023-07-31,0.2977566619995673
465,SIENNA,1. thick_prime,2023-09-30,0.39418925831202056
466,SIENNA,1. thick_prime,2024-05-31,0.0
467,SIENNA,1. thick_prime,2023-12-31,0.4401890820586589
468,SIENNA,1. thick_prime,2023-11-30,0.3530896879672525
469,SIENNA,1. thick_prime,2023-10-31,0.42701010101010106
470,SIENNA,1. thick_prime,2024-03-31,0.0
471,SIENNA,1. thick_prime,2024-01-31,0.5567483064095884
472,SIENNA,1. thick_prime,2024-06-30,0.0
473,SIENNA,1. thick_prime,2024-02-29,0.48105841526894166
474,SIENNA,1. thick_prime,2024-04-30,0.0
475,SIENNA,1. thick_prime,2024-07-31,0.0
476,SIENNA,1. thick_prime,2020-04-30,0.0
477,SIENNA,3. thin_prime,2020-02-29,0.0
478,SIENNA,3. thin_prime,2020-03-31,0.0
479,SIENNA,3. thin_prime,2020-06-30,0.0
480,SIENNA,3. thin_prime,2020-07-31,0.0
481,SIENNA,3. thin_prime,2020-08-31,0.0
482,SIENNA,3. thin_prime,2020-09-30,0.0
483,SIENNA,3. thin_prime,2020-10-31,0.0
484,SIENNA,3. thin_prime,2020-11-30,0.0
485,SIENNA,3. thin_prime,2020-12-31,0.0
486,SIENNA,3. thin_prime,2021-01-31,0.0
487,SIENNA,3. thin_prime,2021-02-28,0.0
488,SIENNA,3. thin_prime,2021-03-31,0.0
489,SIENNA,3. thin_prime,2021-04-30,0.0
490,SIENNA,3. thin_prime,2021-05-31,0.0
491,SIENNA,3. thin_prime,2021-09-30,0.0
492,SIENNA,3. thin_prime,2021-07-31,0.0
493,SIENNA,3. thin_prime,2021-06-30,0.0
494,SIENNA,3. thin_prime,2021-10-31,0.0
495,SIENNA,3. thin_prime,2021-11-30,0.0
496,SIENNA,3. thin_prime,2021-08-31,0.0
497,SIENNA,3. thin_prime,2021-12-31,0.0
498,SIENNA,3. thin_prime,2022-01-31,0.0
499,SIENNA,3. thin_prime,2022-02-28,0.0
500,SIENNA,3. thin_prime,2022-03-31,0.0
501,SIENNA,3. thin_prime,2022-05-31,0.0
502,SIENNA,3. thin_prime,2022-04-30,0.0
503,SIENNA,3. thin_prime,2022-06-30,0.0
504,SIENNA,3. thin_prime,2022-07-31,0.0
505,SIENNA,3. thin_prime,2022-08-31,0.0
506,SIENNA,3. thin_prime,2022-09-30,0.0
507,SIENNA,3. thin_prime,2022-10-31,0.0
508,SIENNA,3. thin_prime,2022-11-30,0.0
509,SIENNA,3. thin_prime,2022-12-31,0.0
510,SIENNA,3. thin_prime,2023-01-31,0.0
511,SIENNA,3. thin_prime,2023-02-28,0.0
512,SIENNA,3. thin_prime,2023-03-31,0.0
513,SIENNA,3. thin_prime,2023-05-31,0.0
514,SIENNA,3. thin_prime,2023-06-30,0.0
515,SIENNA,3. thin_prime,2023-04-30,0.0
516,SIENNA,3. thin_prime,2023-08-31,0.4070710784313727
517,SIENNA,3. thin_prime,2023-07-31,0.40548234911338876
518,SIENNA,3. thin_prime,2023-09-30,0.4602805999032413
519,SIENNA,3. thin_prime,2024-05-31,0.0
520,SIENNA,3. thin_prime,2023-12-31,0.41816888527588647
521,SIENNA,3. thin_prime,2023-11-30,0.3512917454316318
522,SIENNA,3. thin_prime,2023-10-31,0.24426485922836294
523,SIENNA,3. thin_prime,2024-03-31,0.0
524,SIENNA,3. thin_prime,2024-01-31,0.36890178379540073
525,SIENNA,3. thin_prime,2024-06-30,0.0
526,SIENNA,3. thin_prime,2024-02-29,0.29161352040816335
527,SIENNA,3. thin_prime,2024-04-30,0.0
528,SIENNA,3. thin_prime,2024-07-31,0.0
529,SIENNA,3. thin_prime,2020-04-30,0.0
530,SIENNA,2x. subprime,2020-02-29,0.0
531,SIENNA,2x. subprime,2020-03-31,0.0
532,SIENNA,2x. subprime,2020-06-30,0.0
533,SIENNA,2x. subprime,2020-07-31,0.0
534,SIENNA,2x. subprime,2020-08-31,0.0
535,SIENNA,2x. subprime,2020-09-30,0.0
536,SIENNA,2x. subprime,2020-10-31,0.0
537,SIENNA,2x. subprime,2020-11-30,0.0
538,SIENNA,2x. subprime,2020-12-31,0.0
539,SIENNA,2x. subprime,2021-01-31,0.0
540,SIENNA,2x. subprime,2021-02-28,0.0
541,SIENNA,2x. subprime,2021-03-31,0.0
542,SIENNA,2x. subprime,2021-04-30,0.0
543,SIENNA,2x. subprime,2021-05-31,0.0
544,SIENNA,2x. subprime,2021-09-30,0.0
545,SIENNA,2x. subprime,2021-07-31,0.0
546,SIENNA,2x. subprime,2021-06-30,0.0
547,SIENNA,2x. subprime,2021-10-31,0.0
548,SIENNA,2x. subprime,2021-11-30,0.0
549,SIENNA,2x. subprime,2021-08-31,0.0
550,SIENNA,2x. subprime,2021-12-31,0.0
551,SIENNA,2x. subprime,2022-01-31,0.0
552,SIENNA,2x. subprime,2022-02-28,0.0
553,SIENNA,2x. subprime,2022-03-31,0.0
554,SIENNA,2x. subprime,2022-05-31,0.0
555,SIENNA,2x. subprime,2022-04-30,0.0
556,SIENNA,2x. subprime,2022-06-30,0.0
557,SIENNA,2x. subprime,2022-07-31,0.0
558,SIENNA,2x. subprime,2022-08-31,0.0
559,SIENNA,2x. subprime,2022-09-30,0.0
560,SIENNA,2x. subprime,2022-10-31,0.0
561,SIENNA,2x. subprime,2022-11-30,0.0
562,SIENNA,2x. subprime,2022-12-31,0.0
563,SIENNA,2x. subprime,2023-01-31,0.0
564,SIENNA,2x. subprime,2023-02-28,0.0
565,SIENNA,2x. subprime,2023-03-31,0.0
566,SIENNA,2x. subprime,2023-05-31,0.0
567,SIENNA,2x. subprime,2023-06-30,0.0
568,SIENNA,2x. subprime,2023-04-30,0.0
569,SIENNA,2x. subprime,2023-08-31,0.0
570,SIENNA,2x. subprime,2023-07-31,0.0
571,SIENNA,2x. subprime,2023-09-30,0.18620689655172407
572,SIENNA,2x. subprime,2024-05-31,0.0
573,SIENNA,2x. subprime,2023-12-31,0.34440187313750514
574,SIENNA,2x. subprime,2023-11-30,0.380880376344086
575,SIENNA,2x. subprime,2023-10-31,0.47108208955223896
576,SIENNA,2x. subprime,2024-03-31,0.0
577,SIENNA,2x. subprime,2024-01-31,-0.33206106870229
578,SIENNA,2x. subprime,2024-06-30,0.0
579,SIENNA,2x. subprime,2024-02-29,0.6223776223776223
580,SIENNA,2x. subprime,2024-04-30,0.0
581,SIENNA,2x. subprime,2024-07-31,0.0
582,SIENNA,2x. subprime,2020-04-30,0.0
583,SIENNA,5. undecided,2020-02-29,0.0
584,SIENNA,5. undecided,2020-03-31,0.0
585,SIENNA,5. undecided,2020-06-30,0.0
586,SIENNA,5. undecided,2020-07-31,0.0
587,SIENNA,5. undecided,2020-08-31,0.0
588,SIENNA,5. undecided,2020-09-30,0.0
589,SIENNA,5. undecided,2020-10-31,0.0
590,SIENNA,5. undecided,2020-11-30,0.0
591,SIENNA,5. undecided,2020-12-31,0.0
592,SIENNA,5. undecided,2021-01-31,0.0
593,SIENNA,5. undecided,2021-02-28,0.0
594,SIENNA,5. undecided,2021-03-31,0.0
595,SIENNA,5. undecided,2021-04-30,0.0
596,SIENNA,5. undecided,2021-05-31,0.0
597,SIENNA,5. undecided,2021-09-30,0.0
598,SIENNA,5. undecided,2021-07-31,0.0
599,SIENNA,5. undecided,2021-06-30,0.0
600,SIENNA,5. undecided,2021-10-31,0.0
601,SIENNA,5. undecided,2021-11-30,0.0
602,SIENNA,5. undecided,2021-08-31,0.0
603,SIENNA,5. undecided,2021-12-31,0.0
604,SIENNA,5. undecided,2022-01-31,0.0
605,SIENNA,5. undecided,2022-02-28,0.0
606,SIENNA,5. undecided,2022-03-31,0.0
607,SIENNA,5. undecided,2022-05-31,0.0
608,SIENNA,5. undecided,2022-04-30,0.0
609,SIENNA,5. undecided,2022-06-30,0.0
610,SIENNA,5. undecided,2022-07-31,0.0
611,SIENNA,5. undecided,2022-08-31,0.0
612,SIENNA,5. undecided,2022-09-30,0.0
613,SIENNA,5. undecided,2022-10-31,0.0
614,SIENNA,5. undecided,2022-11-30,0.0
615,SIENNA,5. undecided,2022-12-31,0.0
616,SIENNA,5. undecided,2023-01-31,0.0
617,SIENNA,5. undecided,2023-02-28,0.0
618,SIENNA,5. undecided,2023-03-31,0.0
619,SIENNA,5. undecided,2023-05-31,0.0
620,SIENNA,5. undecided,2023-06-30,0.0
621,SIENNA,5. undecided,2023-04-30,0.0
622,SIENNA,5. undecided,2023-08-31,0.0
623,SIENNA,5. undecided,2023-07-31,0.0
624,SIENNA,5. undecided,2023-09-30,0.0
625,SIENNA,5. undecided,2024-05-31,0.0
626,SIENNA,5. undecided,2023-12-31,0.0
627,SIENNA,5. undecided,2023-11-30,0.0
628,SIENNA,5. undecided,2023-10-31,0.0
629,SIENNA,5. undecided,2024-03-31,0.0
630,SIENNA,5. undecided,2024-01-31,0.0
631,SIENNA,5. undecided,2024-06-30,0.0
632,SIENNA,5. undecided,2024-02-29,0.0
633,SIENNA,5. undecided,2024-04-30,0.0
634,SIENNA,5. undecided,2024-07-31,0.0
635,SIENNA,5. undecided,2020-04-30,0.0
636,CATHAY,1. thick_prime,2020-02-29,0.0
637,CATHAY,1. thick_prime,2020-03-31,0.0
638,CATHAY,1. thick_prime,2020-06-30,0.0
639,CATHAY,1. thick_prime,2020-07-31,0.0
640,CATHAY,1. thick_prime,2020-08-31,0.0
641,CATHAY,1. thick_prime,2020-09-30,0.0
642,CATHAY,1. thick_prime,2020-10-31,0.0
643,CATHAY,1. thick_prime,2020-11-30,0.0
644,CATHAY,1. thick_prime,2020-12-31,0.0
645,CATHAY,1. thick_prime,2021-01-31,0.0
646,CATHAY,1. thick_prime,2021-02-28,0.0
647,CATHAY,1. thick_prime,2021-03-31,0.0
648,CATHAY,1. thick_prime,2021-04-30,0.0
649,CATHAY,1. thick_prime,2021-05-31,0.0
650,CATHAY,1. thick_prime,2021-09-30,0.0
651,CATHAY,1. thick_prime,2021-07-31,0.0
652,CATHAY,1. thick_prime,2021-06-30,0.0
653,CATHAY,1. thick_prime,2021-10-31,0.0
654,CATHAY,1. thick_prime,2021-11-30,0.0
655,CATHAY,1. thick_prime,2021-08-31,0.0
656,CATHAY,1. thick_prime,2021-12-31,0.0
657,CATHAY,1. thick_prime,2022-01-31,0.0
658,CATHAY,1. thick_prime,2022-02-28,0.0
659,CATHAY,1. thick_prime,2022-03-31,0.0
660,CATHAY,1. thick_prime,2022-05-31,0.0
661,CATHAY,1. thick_prime,2022-04-30,0.0
662,CATHAY,1. thick_prime,2022-06-30,0.0
663,CATHAY,1. thick_prime,2022-07-31,0.0
664,CATHAY,1. thick_prime,2022-08-31,0.0
665,CATHAY,1. thick_prime,2022-09-30,0.0
666,CATHAY,1. thick_prime,2022-10-31,0.0
667,CATHAY,1. thick_prime,2022-11-30,0.0
668,CATHAY,1. thick_prime,2022-12-31,0.0
669,CATHAY,1. thick_prime,2023-01-31,0.0
670,CATHAY,1. thick_prime,2023-02-28,0.0
671,CATHAY,1. thick_prime,2023-03-31,0.0
672,CATHAY,1. thick_prime,2023-05-31,0.0
673,CATHAY,1. thick_prime,2023-06-30,0.0
674,CATHAY,1. thick_prime,2023-04-30,0.0
675,CATHAY,1. thick_prime,2023-08-31,0.0
676,CATHAY,1. thick_prime,2023-07-31,0.0
677,CATHAY,1. thick_prime,2023-09-30,0.0
678,CATHAY,1. thick_prime,2024-05-31,0.0
679,CATHAY,1. thick_prime,2023-12-31,0.0
680,CATHAY,1. thick_prime,2023-11-30,0.9971830985915491
681,CATHAY,1. thick_prime,2023-10-31,0.0
682,CATHAY,1. thick_prime,2024-03-31,0.0
683,CATHAY,1. thick_prime,2024-01-31,0.8075822603719598
684,CATHAY,1. thick_prime,2024-06-30,0.0
685,CATHAY,1. thick_prime,2024-02-29,0.0
686,CATHAY,1. thick_prime,2024-04-30,0.0
687,CATHAY,1. thick_prime,2024-07-31,0.0
688,CATHAY,1. thick_prime,2020-04-30,0.0
689,CATHAY,3. thin_prime,2020-02-29,0.0
690,CATHAY,3. thin_prime,2020-03-31,0.0
691,CATHAY,3. thin_prime,2020-06-30,0.0
692,CATHAY,3. thin_prime,2020-07-31,0.0
693,CATHAY,3. thin_prime,2020-08-31,0.0
694,CATHAY,3. thin_prime,2020-09-30,0.0
695,CATHAY,3. thin_prime,2020-10-31,0.0
696,CATHAY,3. thin_prime,2020-11-30,0.0
697,CATHAY,3. thin_prime,2020-12-31,0.0
698,CATHAY,3. thin_prime,2021-01-31,0.0
699,CATHAY,3. thin_prime,2021-02-28,0.0
700,CATHAY,3. thin_prime,2021-03-31,0.0
701,CATHAY,3. thin_prime,2021-04-30,0.0
702,CATHAY,3. thin_prime,2021-05-31,0.0
703,CATHAY,3. thin_prime,2021-09-30,0.0
704,CATHAY,3. thin_prime,2021-07-31,0.0
705,CATHAY,3. thin_prime,2021-06-30,0.0
706,CATHAY,3. thin_prime,2021-10-31,0.0
707,CATHAY,3. thin_prime,2021-11-30,0.0
708,CATHAY,3. thin_prime,2021-08-31,0.0
709,CATHAY,3. thin_prime,2021-12-31,0.0
710,CATHAY,3. thin_prime,2022-01-31,0.0
711,CATHAY,3. thin_prime,2022-02-28,0.0
712,CATHAY,3. thin_prime,2022-03-31,0.0
713,CATHAY,3. thin_prime,2022-05-31,0.0
714,CATHAY,3. thin_prime,2022-04-30,0.0
715,CATHAY,3. thin_prime,2022-06-30,0.0
716,CATHAY,3. thin_prime,2022-07-31,0.0
717,CATHAY,3. thin_prime,2022-08-31,0.0
718,CATHAY,3. thin_prime,2022-09-30,0.0
719,CATHAY,3. thin_prime,2022-10-31,0.0
720,CATHAY,3. thin_prime,2022-11-30,0.0
721,CATHAY,3. thin_prime,2022-12-31,0.0
722,CATHAY,3. thin_prime,2023-01-31,0.0
723,CATHAY,3. thin_prime,2023-02-28,0.0
724,CATHAY,3. thin_prime,2023-03-31,0.0
725,CATHAY,3. thin_prime,2023-05-31,0.0
726,CATHAY,3. thin_prime,2023-06-30,0.0
727,CATHAY,3. thin_prime,2023-04-30,0.0
728,CATHAY,3. thin_prime,2023-08-31,0.0
729,CATHAY,3. thin_prime,2023-07-31,0.0
730,CATHAY,3. thin_prime,2023-09-30,0.0
731,CATHAY,3. thin_prime,2024-05-31,0.0
732,CATHAY,3. thin_prime,2023-12-31,0.0
733,CATHAY,3. thin_prime,2023-11-30,0.0
734,CATHAY,3. thin_prime,2023-10-31,0.0
735,CATHAY,3. thin_prime,2024-03-31,0.0
736,CATHAY,3. thin_prime,2024-01-31,0.0
737,CATHAY,3. thin_prime,2024-06-30,0.0
738,CATHAY,3. thin_prime,2024-02-29,0.0
739,CATHAY,3. thin_prime,2024-04-30,0.0
740,CATHAY,3. thin_prime,2024-07-31,0.0
741,CATHAY,3. thin_prime,2020-04-30,0.0
742,CATHAY,2x. subprime,2020-02-29,0.0
743,CATHAY,2x. subprime,2020-03-31,0.0
744,CATHAY,2x. subprime,2020-06-30,0.0
745,CATHAY,2x. subprime,2020-07-31,0.0
746,CATHAY,2x. subprime,2020-08-31,0.0
747,CATHAY,2x. subprime,2020-09-30,0.0
748,CATHAY,2x. subprime,2020-10-31,0.0
749,CATHAY,2x. subprime,2020-11-30,0.0
750,CATHAY,2x. subprime,2020-12-31,0.0
751,CATHAY,2x. subprime,2021-01-31,0.0
752,CATHAY,2x. subprime,2021-02-28,0.0
753,CATHAY,2x. subprime,2021-03-31,0.0
754,CATHAY,2x. subprime,2021-04-30,0.0
755,CATHAY,2x. subprime,2021-05-31,0.0
756,CATHAY,2x. subprime,2021-09-30,0.0
757,CATHAY,2x. subprime,2021-07-31,0.0
758,CATHAY,2x. subprime,2021-06-30,0.0
759,CATHAY,2x. subprime,2021-10-31,0.0
760,CATHAY,2x. subprime,2021-11-30,0.0
761,CATHAY,2x. subprime,2021-08-31,0.0
762,CATHAY,2x. subprime,2021-12-31,0.0
763,CATHAY,2x. subprime,2022-01-31,0.0
764,CATHAY,2x. subprime,2022-02-28,0.0
765,CATHAY,2x. subprime,2022-03-31,0.0
766,CATHAY,2x. subprime,2022-05-31,0.0
767,CATHAY,2x. subprime,2022-04-30,0.0
768,CATHAY,2x. subprime,2022-06-30,0.0
769,CATHAY,2x. subprime,2022-07-31,0.0
770,CATHAY,2x. subprime,2022-08-31,0.0
771,CATHAY,2x. subprime,2022-09-30,0.0
772,CATHAY,2x. subprime,2022-10-31,0.0
773,CATHAY,2x. subprime,2022-11-30,0.0
774,CATHAY,2x. subprime,2022-12-31,0.0
775,CATHAY,2x. subprime,2023-01-31,0.0
776,CATHAY,2x. subprime,2023-02-28,0.0
777,CATHAY,2x. subprime,2023-03-31,0.0
778,CATHAY,2x. subprime,2023-05-31,0.0
779,CATHAY,2x. subprime,2023-06-30,0.0
780,CATHAY,2x. subprime,2023-04-30,0.0
781,CATHAY,2x. subprime,2023-08-31,0.0
782,CATHAY,2x. subprime,2023-07-31,0.0
783,CATHAY,2x. subprime,2023-09-30,0.0
784,CATHAY,2x. subprime,2024-05-31,0.0
785,CATHAY,2x. subprime,2023-12-31,0.0
786,CATHAY,2x. subprime,2023-11-30,0.0
787,CATHAY,2x. subprime,2023-10-31,0.0
788,CATHAY,2x. subprime,2024-03-31,0.0
789,CATHAY,2x. subprime,2024-01-31,0.0
790,CATHAY,2x. subprime,2024-06-30,0.0
791,CATHAY,2x. subprime,2024-02-29,0.0
792,CATHAY,2x. subprime,2024-04-30,0.0
793,CATHAY,2x. subprime,2024-07-31,0.0
794,CATHAY,2x. subprime,2020-04-30,0.0
795,CATHAY,5. undecided,2020-02-29,0.0
796,CATHAY,5. undecided,2020-03-31,0.0
797,CATHAY,5. undecided,2020-06-30,0.0
798,CATHAY,5. undecided,2020-07-31,0.0
799,CATHAY,5. undecided,2020-08-31,0.0
800,CATHAY,5. undecided,2020-09-30,0.0
801,CATHAY,5. undecided,2020-10-31,0.0
802,CATHAY,5. undecided,2020-11-30,0.0
803,CATHAY,5. undecided,2020-12-31,0.0
804,CATHAY,5. undecided,2021-01-31,0.0
805,CATHAY,5. undecided,2021-02-28,0.0
806,CATHAY,5. undecided,2021-03-31,0.0
807,CATHAY,5. undecided,2021-04-30,0.0
808,CATHAY,5. undecided,2021-05-31,0.0
809,CATHAY,5. undecided,2021-09-30,0.0
810,CATHAY,5. undecided,2021-07-31,0.0
811,CATHAY,5. undecided,2021-06-30,0.0
812,CATHAY,5. undecided,2021-10-31,0.0
813,CATHAY,5. undecided,2021-11-30,0.0
814,CATHAY,5. undecided,2021-08-31,0.0
815,CATHAY,5. undecided,2021-12-31,0.0
816,CATHAY,5. undecided,2022-01-31,0.0
817,CATHAY,5. undecided,2022-02-28,0.0
818,CATHAY,5. undecided,2022-03-31,0.0
819,CATHAY,5. undecided,2022-05-31,0.0
820,CATHAY,5. undecided,2022-04-30,0.0
821,CATHAY,5. undecided,2022-06-30,0.0
822,CATHAY,5. undecided,2022-07-31,0.0
823,CATHAY,5. undecided,2022-08-31,0.0
824,CATHAY,5. undecided,2022-09-30,0.0
825,CATHAY,5. undecided,2022-10-31,0.0
826,CATHAY,5. undecided,2022-11-30,0.0
827,CATHAY,5. undecided,2022-12-31,0.0
828,CATHAY,5. undecided,2023-01-31,0.0
829,CATHAY,5. undecided,2023-02-28,0.0
830,CATHAY,5. undecided,2023-03-31,0.0
831,CATHAY,5. undecided,2023-05-31,0.0
832,CATHAY,5. undecided,2023-06-30,0.0
833,CATHAY,5. undecided,2023-04-30,0.0
834,CATHAY,5. undecided,2023-08-31,0.0
835,CATHAY,5. undecided,2023-07-31,0.0
836,CATHAY,5. undecided,2023-09-30,0.0
837,CATHAY,5. undecided,2024-05-31,0.0
838,CATHAY,5. undecided,2023-12-31,0.0
839,CATHAY,5. undecided,2023-11-30,0.0
840,CATHAY,5. undecided,2023-10-31,0.0
841,CATHAY,5. undecided,2024-03-31,0.0
842,CATHAY,5. undecided,2024-01-31,0.0
843,CATHAY,5. undecided,2024-06-30,0.0
844,CATHAY,5. undecided,2024-02-29,0.0
845,CATHAY,5. undecided,2024-04-30,0.0
846,CATHAY,5. undecided,2024-07-31,0.0
847,CATHAY,5. undecided,2020-04-30,0.0
